Timestamp,User Count,Type,Name,Requests/s,Failures/s,50%,66%,75%,80%,90%,95%,98%,99%,99.9%,99.99%,100%,Total Request Count,Total Failure Count,Total Median Response Time,Total Average Response Time,Total Min Response Time,Total Max Response Time,Total Average Content Size
1791604755,0,,Aggregated,0.000000,0.000000,N/A,N/A,N/A,N/A,N/A,N/A,N/A,N/A,N/A,N/A,N/A,0,0,0,0.0,0,0,0
1791604756,0,,Aggregated,0.000000,0.000000,N/A,N/A,N/A,N/A,N/A,N/A,N/A,N/A,N/A,N/A,N/A,0,0,0,0.0,0,0,0
1791604757,20,,Aggregated,0.000000,0.000000,N/A,N/A,N/A,N/A,N/A,N/A,N/A,N/A,N/A,N/A,N/A,0,0,0,0.0,0,0,0
1791604758,40,,Aggregated,0.000000,0.000000,N/A,N/A,N/A,N/A,N/A,N/A,N/A,N/A,N/A,N/A,N/A,0,0,0,0.0,0,0,0
1791604759,60,,Aggregated,0.000000,0.000000,480,520,560,570,600,620,640,640,640,640,640,44,0,480,439.420160160146,36.44789382815361,643.2443913072348,116.0
1791604760,80,,Aggregated,0.000000,0.000000,480,520,560,570,600,620,640,640,640,640,640,44,0,480,439.420160160146,36.44789382815361,643.2443913072348,116.0
1791604761,100,,Aggregated,0.000000,0.000000,480,520,560,570,600,620,640,640,640,640,640,44,0,480,439.420160160146,36.44789382815361,643.2443913072348,116.0
1791604762,120,,Aggregated,15.000000,0.000000,510,570,600,620,660,710,740,760,760,760,760,143,0,510,459.77943047386157,36.44789382815361,756.5910574048758,116.0
1791604763,140,,Aggregated,15.000000,0.000000,510,570,600,620,660,710,740,760,760,760,760,143,0,510,459.77943047386157,36.44789382815361,756.5910574048758,116.0
1791604764,160,,Aggregated,15.000000,0.000000,510,570,600,620,660,710,740,760,760,760,760,143,0,510,459.77943047386157,36.44789382815361,756.5910574048758,116.0
1791604765,180,,Aggregated,25.333333,0.000000,660,1000,1200,1300,1700,1800,2300,2400,2400,2400,2400,258,0,660,856.9809164700293,36.44789382815361,2400.6784725934267,116.0
1791604766,200,,Aggregated,25.333333,0.000000,660,1000,1200,1300,1700,1800,2300,2400,2400,2400,2400,258,0,660,856.9809164700293,36.44789382815361,2400.6784725934267,116.0
1791604767,220,,Aggregated,25.333333,0.000000,660,1000,1200,1300,1700,1800,2300,2400,2400,2400,2400,258,0,660,856.9809164700293,36.44789382815361,2400.6784725934267,116.0
1791604768,240,,Aggregated,29.222222,0.000000,1100,1500,1800,1800,2100,2500,3800,4300,5000,5000,5000,363,0,1100,1217.9875113685762,36.44789382815361,5017.501221969724,116.0
1791604769,260,,Aggregated,29.222222,0.000000,1100,1500,1800,1800,2100,2500,3800,4300,5000,5000,5000,363,0,1100,1217.9875113685762,36.44789382815361,5017.501221969724,116.0
1791604770,280,,Aggregated,29.222222,0.000000,1100,1500,1800,1800,2100,2500,3800,4300,5000,5000,5000,363,0,1100,1217.9875113685762,36.44789382815361,5017.501221969724,116.0
1791604771,300,,Aggregated,0.000000,0.000000,2500,2500,6000,6000,6000,6000,6000,6000,6000,6000,6000,3,1,2500,2840.132550957302,10.071439668536186,6017.396768555045,77.33333333333333
1791604772,300,,Aggregated,0.000000,0.000000,2500,2500,6000,6000,6000,6000,6000,6000,6000,6000,6000,3,1,2500,2840.132550957302,10.071439668536186,6017.396768555045,77.33333333333333
1791604773,300,,Aggregated,0.000000,0.000000,2500,2500,6000,6000,6000,6000,6000,6000,6000,6000,6000,3,1,2500,2840.132550957302,10.071439668536186,6017.396768555045,77.33333333333333
1791604774,300,,Aggregated,8.000000,1.000000,3000,3100,3200,3600,6600,7600,7900,7900,8000,8000,8000,109,1,3000,3629.2062375369833,10.071439668536186,8044.918051920831,114.93577981651376
1791604775,300,,Aggregated,8.000000,1.000000,3000,3100,3200,3600,6600,7600,7900,7900,8000,8000,8000,109,1,3000,3629.2062375369833,10.071439668536186,8044.918051920831,114.93577981651376
1791604776,300,,Aggregated,8.000000,1.000000,3000,3100,3200,3600,6600,7600,7900,7900,8000,8000,8000,109,1,3000,3629.2062375369833,10.071439668536186,8044.918051920831,114.93577981651376
1791604777,300,,Aggregated,27.250000,0.250000,3300,3500,3700,3800,7600,9200,10000,10000,11000,11000,11000,207,3,3300,3996.732530427044,5.599810741841793,10723.257144913077,114.31884057971014
1791604778,300,,Aggregated,27.250000,0.250000,3300,3500,3700,3800,7600,9200,10000,10000,11000,11000,11000,207,3,3300,3996.732530427044,5.599810741841793,10723.257144913077,114.31884057971014
1791604779,300,,Aggregated,27.250000,0.250000,3300,3500,3700,3800,7600,9200,10000,10000,11000,11000,11000,207,3,3300,3996.732530427044,5.599810741841793,10723.257144913077,114.31884057971014
1791604780,300,,Aggregated,29.571429,0.428571,3600,3900,4100,4200,9000,11000,12000,12000,12000,12000,12000,337,6,3600,4398.77355655307,5.113893188536167,12310.865878127515,115.45103857566765
1791604781,300,,Aggregated,29.571429,0.428571,3600,3900,4100,4200,9000,11000,12000,12000,12000,12000,12000,337,6,3600,4398.77355655307,5.113893188536167,12310.865878127515,115.45103857566765
1791604782,300,,Aggregated,29.571429,0.428571,3600,3900,4100,4200,9000,11000,12000,12000,12000,12000,12000,337,6,3600,4398.77355655307,5.113893188536167,12310.865878127515,115.45103857566765
1791604783,300,,Aggregated,33.700000,0.600000,3800,4000,4100,4300,10000,12000,13000,14000,14000,14000,14000,441,6,3800,4710.716574579528,5.113893188536167,13741.935645230114,115.58049886621315
1791604784,300,,Aggregated,33.700000,0.600000,3800,4000,4100,4300,10000,12000,13000,14000,14000,14000,14000,441,6,3800,4710.716574579528,5.113893188536167,13741.935645230114,115.58049886621315
1791604785,300,,Aggregated,33.700000,0.600000,3800,4000,4100,4300,10000,12000,13000,14000,14000,14000,14000,441,6,3800,4710.716574579528,5.113893188536167,13741.935645230114,115.58049886621315
1791604786,300,,Aggregated,37.000000,0.500000,3900,4200,4700,4900,11000,13000,15000,16000,17000,17000,17000,537,12,3900,4969.75662688997,4.627575166523457,16549.3480656296,116.0074487895717
1791604787,300,,Aggregated,37.000000,0.500000,3900,4200,4700,4900,11000,13000,15000,16000,17000,17000,17000,537,12,3900,4969.75662688997,4.627575166523457,16549.3480656296,116.0074487895717
1791604788,300,,Aggregated,37.000000,0.500000,3900,4200,4700,4900,11000,13000,15000,16000,17000,17000,17000,537,12,3900,4969.75662688997,4.627575166523457,16549.3480656296,116.0074487895717
1791604789,300,,Aggregated,36.100000,0.900000,4100,4900,5500,5700,11000,14000,18000,18000,20000,20000,20000,657,12,4100,5401.117295039537,4.627575166523457,19632.87256937474,116.00608828006088
1791604790,300,,Aggregated,36.100000,0.900000,4100,4900,5500,5700,11000,14000,18000,18000,20000,20000,20000,657,12,4100,5401.117295039537,4.627575166523457,19632.87256937474,116.00608828006088
1791604791,300,,Aggregated,36.100000,0.900000,4100,4900,5500,5700,11000,14000,18000,18000,20000,20000,20000,657,12,4100,5401.117295039537,4.627575166523457,19632.87256937474,116.00608828006088
1791604792,300,,Aggregated,37.000000,0.600000,4400,5500,5800,6000,12000,16000,19000,20000,21000,21000,21000,756,17,4400,5762.789430556248,4.627575166523457,20618.506686761975,116.0952380952381
1791604793,300,,Aggregated,37.000000,0.600000,4400,5500,5800,6000,12000,16000,19000,20000,21000,21000,21000,756,17,4400,5762.789430556248,4.627575166523457,20618.506686761975,116.0952380952381
1791604794,300,,Aggregated,37.000000,0.600000,4400,5500,5800,6000,12000,16000,19000,20000,21000,21000,21000,756,17,4400,5762.789430556248,4.627575166523457,20618.506686761975,116.0952380952381
1791604795,300,,Aggregated,35.100000,1.100000,4900,5800,6100,6300,12000,18000,21000,22000,23000,23000,23000,861,17,4900,6134.3252055896455,4.627575166523457,23176.62980221212,116.08362369337979
1791604796,300,,Aggregated,35.100000,1.100000,4900,5800,6100,6300,12000,18000,21000,22000,23000,23000,23000,861,17,4900,6134.3252055896455,4.627575166523457,23176.62980221212,116.08362369337979
1791604797,300,,Aggregated,35.100000,1.100000,4900,5800,6100,6300,12000,18000,21000,22000,23000,23000,23000,861,17,4900,6134.3252055896455,4.627575166523457,23176.62980221212,116.08362369337979
1791604798,300,,Aggregated,35.000000,0.500000,5500,6100,6400,6600,12000,18000,20000,22000,23000,23000,23000,995,19,5500,6248.449031892584,4.470239393413067,23176.62980221212,115.8391959798995
1791604799,300,,Aggregated,35.000000,0.500000,5500,6100,6400,6600,12000,18000,20000,22000,23000,23000,23000,995,19,5500,6248.449031892584,4.470239393413067,23176.62980221212,115.8391959798995
1791604800,300,,Aggregated,35.000000,0.500000,5500,6100,6400,6600,12000,18000,20000,22000,23000,23000,23000,995,19,5500,6248.449031892584,4.470239393413067,23176.62980221212,115.8391959798995
1791604801,300,,Aggregated,37.900000,0.700000,5700,6200,6400,6500,11000,17000,20000,22000,23000,23000,23000,1091,20,5700,6241.541525791207,4.470239393413067,23176.62980221212,115.74702108157653
1791604802,300,,Aggregated,37.900000,0.700000,5700,6200,6400,6500,11000,17000,20000,22000,23000,23000,23000,1091,20,5700,6241.541525791207,4.470239393413067,23176.62980221212,115.74702108157653
1791604803,300,,Aggregated,37.900000,0.700000,5700,6200,6400,6500,11000,17000,20000,22000,23000,23000,23000,1091,20,5700,6241.541525791207,4.470239393413067,23176.62980221212,115.74702108157653
1791604804,300,,Aggregated,36.700000,0.500000,5800,6300,6500,6600,11000,16000,20000,21000,23000,23000,23000,1195,28,5800,6230.371129606308,4.470239393413067,23176.62980221212,116.17740585774058
1791604805,300,,Aggregated,36.700000,0.500000,5800,6300,6500,6600,11000,16000,20000,21000,23000,23000,23000,1195,28,5800,6230.371129606308,4.470239393413067,23176.62980221212,116.17740585774058
1791604806,300,,Aggregated,36.700000,0.500000,5800,6300,6500,6600,11000,16000,20000,21000,23000,23000,23000,1195,28,5800,6230.371129606308,4.470239393413067,23176.62980221212,116.17740585774058
1791604807,300,,Aggregated,37.200000,1.100000,6000,6400,6600,6600,8800,16000,20000,21000,23000,23000,23000,1334,29,6000,6252.398711057433,4.470239393413067,23176.62980221212,116.07196401799101
1791604808,300,,Aggregated,37.200000,1.100000,6000,6400,6600,6600,8800,16000,20000,21000,23000,23000,23000,1334,29,6000,6252.398711057433,4.470239393413067,23176.62980221212,116.07196401799101
1791604809,300,,Aggregated,37.200000,1.100000,6000,6400,6600,6600,8800,16000,20000,21000,23000,23000,23000,1334,29,6000,6252.398711057433,4.470239393413067,23176.62980221212,116.07196401799101
1791604810,300,,Aggregated,37.400000,1.200000,6000,6300,6500,6600,7300,14000,19000,21000,23000,23000,23000,1441,36,6000,6202.602763268593,4.470239393413067,23176.62980221212,116.04788341429563
1791604811,300,,Aggregated,37.400000,1.200000,6000,6300,6500,6600,7300,14000,19000,21000,23000,23000,23000,1441,36,6000,6202.602763268593,4.470239393413067,23176.62980221212,116.04788341429563
1791604812,300,,Aggregated,37.400000,1.200000,6000,6300,6500,6600,7300,14000,19000,21000,23000,23000,23000,1441,36,6000,6202.602763268593,4.470239393413067,23176.62980221212,116.04788341429563
1791604813,300,,Aggregated,38.200000,1.600000,6000,6300,6500,6600,7000,14000,19000,21000,23000,23000,23000,1555,40,6000,6184.282712628196,4.470239393413067,23176.62980221212,116.08745980707396
1791604814,300,,Aggregated,38.200000,1.600000,6000,6300,6500,6600,7000,14000,19000,21000,23000,23000,23000,1555,40,6000,6184.282712628196,4.470239393413067,23176.62980221212,116.08745980707396
1791604815,300,,Aggregated,38.200000,1.600000,6000,6300,6500,6600,7000,14000,19000,21000,23000,23000,23000,1555,40,6000,6184.282712628196,4.470239393413067,23176.62980221212,116.08745980707396
1791604816,300,,Aggregated,40.000000,1.200000,6100,6300,6500,6600,6900,13000,19000,21000,23000,23000,23000,1701,41,6100,6182.892533543704,4.470239393413067,23176.62980221212,116.01175778953557
1791604817,300,,Aggregated,40.000000,1.200000,6100,6300,6500,6600,6900,13000,19000,21000,23000,23000,23000,1701,41,6100,6182.892533543704,4.470239393413067,23176.62980221212,116.01175778953557
1791604818,300,,Aggregated,40.000000,1.200000,6100,6300,6500,6600,6900,13000,19000,21000,23000,23000,23000,1701,41,6100,6182.892533543704,4.470239393413067,23176.62980221212,116.01175778953557
1791604819,300,,Aggregated,40.400000,1.200000,6000,6300,6500,6600,6900,13000,19000,21000,23000,23000,23000,1801,50,6000,6127.3274776132275,4.470239393413067,23176.62980221212,116.21599111604664
1791604820,300,,Aggregated,40.400000,1.200000,6000,6300,6500,6600,6900,13000,19000,21000,23000,23000,23000,1801,50,6000,6127.3274776132275,4.470239393413067,23176.62980221212,116.21599111604664
1791604821,300,,Aggregated,40.400000,1.200000,6000,6300,6500,6600,6900,13000,19000,21000,23000,23000,23000,1801,50,6000,6127.3274776132275,4.470239393413067,23176.62980221212,116.21599111604664
1791604822,300,,Aggregated,38.600000,1.400000,6000,6300,6400,6500,6900,12000,19000,20000,23000,23000,23000,1932,51,6000,6096.0285838169875,4.470239393413067,23176.62980221212,116.1413043478261
1791604823,300,,Aggregated,38.600000,1.400000,6000,6300,6400,6500,6900,12000,19000,20000,23000,23000,23000,1932,51,6000,6096.0285838169875,4.470239393413067,23176.62980221212,116.1413043478261
1791604824,300,,Aggregated,38.600000,1.400000,6000,6300,6400,6500,6900,12000,19000,20000,23000,23000,23000,1932,51,6000,6096.0285838169875,4.470239393413067,23176.62980221212,116.1413043478261
1791604825,300,,Aggregated,42.000000,1.100000,5900,6200,6400,6500,6800,12000,19000,20000,23000,23000,23000,2063,56,5900,6057.145752718332,4.470239393413067,23176.62980221212,115.85118759088705
1791604826,300,,Aggregated,42.000000,1.100000,5900,6200,6400,6500,6800,12000,19000,20000,23000,23000,23000,2063,56,5900,6057.145752718332,4.470239393413067,23176.62980221212,115.85118759088705
1791604827,300,,Aggregated,42.000000,1.100000,5900,6200,6400,6500,6800,12000,19000,20000,23000,23000,23000,2063,56,5900,6057.145752718332,4.470239393413067,23176.62980221212,115.85118759088705
1791604828,300,,Aggregated,41.900000,1.600000,5900,6200,6400,6500,6800,11000,18000,20000,23000,23000,23000,2183,56,5900,6030.783329985821,4.470239393413067,23176.62980221212,115.85936784241869
1791604829,300,,Aggregated,41.900000,1.600000,5900,6200,6400,6500,6800,11000,18000,20000,23000,23000,23000,2183,56,5900,6030.783329985821,4.470239393413067,23176.62980221212,115.85936784241869
1791604830,300,,Aggregated,41.900000,1.600000,5900,6200,6400,6500,6800,11000,18000,20000,23000,23000,23000,2183,56,5900,6030.783329985821,4.470239393413067,23176.62980221212,115.85936784241869
1791604831,300,,Aggregated,41.600000,1.500000,5800,6100,6300,6500,6800,11000,18000,20000,23000,23000,23000,2318,56,5800,6000.361756796485,4.470239393413067,23176.62980221212,115.86755823986195
1791604832,300,,Aggregated,41.600000,1.500000,5800,6100,6300,6500,6800,11000,18000,20000,23000,23000,23000,2318,56,5800,6000.361756796485,4.470239393413067,23176.62980221212,115.86755823986195
1791604833,300,,Aggregated,41.600000,1.500000,5800,6100,6300,6500,6800,11000,18000,20000,23000,23000,23000,2318,56,5800,6000.361756796485,4.470239393413067,23176.62980221212,115.86755823986195
1791604834,300,,Aggregated,42.600000,0.500000,5800,6100,6300,6400,6700,10000,18000,20000,23000,23000,23000,2435,56,5800,5968.596453707688,4.470239393413067,23176.62980221212,115.87392197125257
1791604835,300,,Aggregated,42.600000,0.500000,5800,6100,6300,6400,6700,10000,18000,20000,23000,23000,23000,2435,56,5800,5968.596453707688,4.470239393413067,23176.62980221212,115.87392197125257
1791604836,300,,Aggregated,42.600000,0.500000,5800,6100,6300,6400,6700,10000,18000,20000,23000,23000,23000,2435,56,5800,5968.596453707688,4.470239393413067,23176.62980221212,115.87392197125257
1791604837,300,,Aggregated,41.500000,0.000000,5800,6100,6300,6400,6700,10000,18000,20000,23000,23000,23000,2546,56,5800,5951.750134528693,4.470239393413067,23176.62980221212,115.87941869599372
1791604838,300,,Aggregated,41.500000,0.000000,5800,6100,6300,6400,6700,10000,18000,20000,23000,23000,23000,2546,56,5800,5951.750134528693,4.470239393413067,23176.62980221212,115.87941869599372
1791604839,300,,Aggregated,41.500000,0.000000,5800,6100,6300,6400,6700,10000,18000,20000,23000,23000,23000,2546,56,5800,5951.750134528693,4.470239393413067,23176.62980221212,115.87941869599372
1791604840,300,,Aggregated,41.100000,0.000000,5700,6000,6300,6400,6700,8800,18000,20000,23000,23000,23000,2682,56,5700,5934.4874145959675,4.470239393413067,23176.62980221212,115.8855331841909
1791604841,300,,Aggregated,41.100000,0.000000,5700,6000,6300,6400,6700,8800,18000,20000,23000,23000,23000,2682,56,5700,5934.4874145959675,4.470239393413067,23176.62980221212,115.8855331841909
1791604842,300,,Aggregated,41.100000,0.000000,5700,6000,6300,6400,6700,8800,18000,20000,23000,23000,23000,2682,56,5700,5934.4874145959675,4.470239393413067,23176.62980221212,115.8855331841909
1791604843,300,,Aggregated,42.000000,0.000000,5700,6000,6200,6400,6700,7600,17000,19000,23000,23000,23000,2790,57,5700,5912.274675556595,4.470239393413067,23176.62980221212,115.90465949820789
1791604844,300,,Aggregated,42.000000,0.000000,5700,6000,6200,6400,6700,7600,17000,19000,23000,23000,23000,2790,57,5700,5912.274675556595,4.470239393413067,23176.62980221212,115.90465949820789
1791604845,300,,Aggregated,42.000000,0.000000,5700,6000,6200,6400,6700,7600,17000,19000,23000,23000,23000,2790,57,5700,5912.274675556595,4.470239393413067,23176.62980221212,115.90465949820789
1791604846,300,,Aggregated,40.000000,0.100000,5700,6000,6200,6300,6600,7300,16000,19000,23000,23000,23000,2930,61,5700,5890.925893566409,4.470239393413067,23176.62980221212,115.9924914675768
1791604847,300,,Aggregated,40.000000,0.100000,5700,6000,6200,6300,6600,7300,16000,19000,23000,23000,23000,2930,61,5700,5890.925893566409,4.470239393413067,23176.62980221212,115.9924914675768
1791604848,300,,Aggregated,40.000000,0.100000,5700,6000,6200,6300,6600,7300,16000,19000,23000,23000,23000,2930,61,5700,5890.925893566409,4.470239393413067,23176.62980221212,115.9924914675768
1791604849,300,,Aggregated,42.500000,0.500000,5700,6000,6200,6300,6600,7100,16000,19000,23000,23000,23000,3042,61,5700,5887.151867779796,4.470239393413067,23176.62980221212,115.99276791584484
1791604850,300,,Aggregated,42.500000,0.500000,5700,6000,6200,6300,6600,7100,16000,19000,23000,23000,23000,3042,61,5700,5887.151867779796,4.470239393413067,23176.62980221212,115.99276791584484
1791604851,300,,Aggregated,42.500000,0.500000,5700,6000,6200,6300,6600,7100,16000,19000,23000,23000,23000,3042,61,5700,5887.151867779796,4.470239393413067,23176.62980221212,115.99276791584484
1791604852,300,,Aggregated,40.200000,0.500000,5700,6000,6200,6300,6600,7100,16000,19000,23000,23000,23000,3165,64,5700,5879.433865514165,4.470239393413067,23176.62980221212,115.8830963665087
1791604853,300,,Aggregated,40.200000,0.500000,5700,6000,6200,6300,6600,7100,16000,19000,23000,23000,23000,3165,64,5700,5879.433865514165,4.470239393413067,23176.62980221212,115.8830963665087
1791604854,300,,Aggregated,40.200000,0.500000,5700,6000,6200,6300,6600,7100,16000,19000,23000,23000,23000,3165,64,5700,5879.433865514165,4.470239393413067,23176.62980221212,115.8830963665087
1791604855,300,,Aggregated,39.000000,0.800000,5700,5900,6100,6300,6600,7000,16000,19000,23000,23000,23000,3283,64,5700,5868.118477899875,4.470239393413067,23176.62980221212,115.88729820286324
1791604856,300,,Aggregated,39.000000,0.800000,5700,5900,6100,6300,6600,7000,16000,19000,23000,23000,23000,3283,64,5700,5868.118477899875,4.470239393413067,23176.62980221212,115.88729820286324
1791604857,300,,Aggregated,39.000000,0.800000,5700,5900,6100,6300,6600,7000,16000,19000,23000,23000,23000,3283,64,5700,5868.118477899875,4.470239393413067,23176.62980221212,115.88729820286324
1791604858,300,,Aggregated,40.000000,0.300000,5700,5900,6100,6300,6600,7000,15000,19000,23000,23000,23000,3424,64,5700,5854.407710058585,4.470239393413067,23176.62980221212,115.89193925233644
1791604859,300,,Aggregated,40.000000,0.300000,5700,5900,6100,6300,6600,7000,15000,19000,23000,23000,23000,3424,64,5700,5854.407710058585,4.470239393413067,23176.62980221212,115.89193925233644
1791604860,300,,Aggregated,40.000000,0.300000,5700,5900,6100,6300,6600,7000,15000,19000,23000,23000,23000,3424,64,5700,5854.407710058585,4.470239393413067,23176.62980221212,115.89193925233644
1791604861,300,,Aggregated,41.600000,0.300000,5700,5900,6100,6200,6600,7000,14000,19000,23000,23000,23000,3536,65,5700,5837.666803158396,4.470239393413067,23176.62980221212,115.86255656108597
1791604862,300,,Aggregated,41.600000,0.300000,5700,5900,6100,6200,6600,7000,14000,19000,23000,23000,23000,3536,65,5700,5837.666803158396,4.470239393413067,23176.62980221212,115.86255656108597
1791604863,300,,Aggregated,41.600000,0.300000,5700,5900,6100,6200,6600,7000,14000,19000,23000,23000,23000,3536,65,5700,5837.666803158396,4.470239393413067,23176.62980221212,115.86255656108597
1791604864,300,,Aggregated,40.500000,0.100000,5700,5900,6100,6200,6600,6900,14000,19000,23000,23000,23000,3653,67,5700,5823.729041846285,4.470239393413067,23176.62980221212,115.80344921981933
1791604865,300,,Aggregated,40.500000,0.100000,5700,5900,6100,6200,6600,6900,14000,19000,23000,23000,23000,3653,67,5700,5823.729041846285,4.470239393413067,23176.62980221212,115.80344921981933
1791604866,300,,Aggregated,40.500000,0.100000,5700,5900,6100,6200,6600,6900,14000,19000,23000,23000,23000,3653,67,5700,5823.729041846285,4.470239393413067,23176.62980221212,115.80344921981933
1791604867,300,,Aggregated,39.800000,0.300000,5700,5900,6100,6200,6600,6900,14000,19000,23000,23000,23000,3796,67,5700,5824.502156514261,4.470239393413067,23176.62980221212,115.81085353003161
1791604868,300,,Aggregated,39.800000,0.300000,5700,5900,6100,6200,6600,6900,14000,19000,23000,23000,23000,3796,67,5700,5824.502156514261,4.470239393413067,23176.62980221212,115.81085353003161
1791604869,300,,Aggregated,39.800000,0.300000,5700,5900,6100,6200,6600,6900,14000,19000,23000,23000,23000,3796,67,5700,5824.502156514261,4.470239393413067,23176.62980221212,115.81085353003161
1791604870,300,,Aggregated,40.400000,0.300000,5700,5900,6100,6200,6600,6900,14000,19000,23000,23000,23000,3909,67,5700,5814.727456102338,4.470239393413067,23176.62980221212,115.8163213097979
1791604871,300,,Aggregated,40.400000,0.300000,5700,5900,6100,6200,6600,6900,14000,19000,23000,23000,23000,3909,67,5700,5814.727456102338,4.470239393413067,23176.62980221212,115.8163213097979
1791604872,300,,Aggregated,40.400000,0.300000,5700,5900,6100,6200,6600,6900,14000,19000,23000,23000,23000,3909,67,5700,5814.727456102338,4.470239393413067,23176.62980221212,115.8163213097979
1791604873,300,,Aggregated,41.000000,0.300000,5700,5900,6000,6200,6600,6900,14000,19000,23000,23000,23000,4028,71,5700,5803.183470105627,4.470239393413067,23176.62980221212,115.70655412115194
1791604875,300,,Aggregated,41.000000,0.300000,5700,5900,6000,6200,6600,6900,14000,19000,23000,23000,23000,4028,71,5700,5803.183470105627,4.470239393413067,23176.62980221212,115.70655412115194
1791604876,300,,Aggregated,41.000000,0.300000,5700,5900,6000,6200,6600,6900,14000,19000,23000,23000,23000,4028,71,5700,5803.183470105627,4.470239393413067,23176.62980221212,115.70655412115194
1791604877,300,,Aggregated,39.800000,0.600000,5700,5900,6000,6200,6500,6900,13000,19000,23000,23000,23000,4140,71,5700,5807.8971405140155,4.470239393413067,23176.62980221212,115.71449275362319
1791604878,300,,Aggregated,39.800000,0.600000,5700,5900,6000,6200,6500,6900,13000,19000,23000,23000,23000,4140,71,5700,5807.8971405140155,4.470239393413067,23176.62980221212,115.71449275362319
1791604879,300,,Aggregated,40.300000,0.400000,5700,5900,6000,6200,6500,6900,13000,18000,23000,23000,23000,4278,71,5700,5806.132250790914,4.470239393413067,23176.62980221212,115.72370266479663
1791604880,300,,Aggregated,40.300000,0.400000,5700,5900,6000,6200,6500,6900,13000,18000,23000,23000,23000,4278,71,5700,5806.132250790914,4.470239393413067,23176.62980221212,115.72370266479663
1791604881,300,,Aggregated,40.300000,0.400000,5700,5900,6000,6200,6500,6900,13000,18000,23000,23000,23000,4278,71,5700,5806.132250790914,4.470239393413067,23176.62980221212,115.72370266479663
1791604882,300,,Aggregated,40.800000,0.400000,5700,5900,6000,6200,6500,6800,13000,18000,23000,23000,23000,4388,73,5700,5797.383570465248,4.470239393413067,23176.62980221212,115.67775752051048
1791604883,300,,Aggregated,40.800000,0.400000,5700,5900,6000,6200,6500,6800,13000,18000,23000,23000,23000,4388,73,5700,5797.383570465248,4.470239393413067,23176.62980221212,115.67775752051048
1791604884,300,,Aggregated,40.800000,0.400000,5700,5900,6000,6200,6500,6800,13000,18000,23000,23000,23000,4388,73,5700,5797.383570465248,4.470239393413067,23176.62980221212,115.67775752051048
1791604885,300,,Aggregated,39.400000,0.300000,5700,5900,6000,6200,6500,6800,13000,18000,23000,23000,23000,4494,73,5700,5803.186856551965,4.470239393413067,23176.62980221212,115.68535825545172
1791604886,300,,Aggregated,39.400000,0.300000,5700,5900,6000,6200,6500,6800,13000,18000,23000,23000,23000,4494,73,5700,5803.186856551965,4.470239393413067,23176.62980221212,115.68535825545172
1791604887,300,,Aggregated,39.400000,0.300000,5700,5900,6000,6200,6500,6800,13000,18000,23000,23000,23000,4494,73,5700,5803.186856551965,4.470239393413067,23176.62980221212,115.68535825545172
1791604888,300,,Aggregated,38.900000,0.200000,5700,5900,6100,6200,6500,6800,13000,18000,23000,23000,23000,4630,73,5700,5813.11372260022,4.470239393413067,23176.62980221212,115.69460043196544
1791604889,300,,Aggregated,38.900000,0.200000,5700,5900,6100,6200,6500,6800,13000,18000,23000,23000,23000,4630,73,5700,5813.11372260022,4.470239393413067,23176.62980221212,115.69460043196544
1791604890,300,,Aggregated,38.900000,0.200000,5700,5900,6100,6200,6500,6800,13000,18000,23000,23000,23000,4630,73,5700,5813.11372260022,4.470239393413067,23176.62980221212,115.69460043196544
1791604891,300,,Aggregated,39.800000,0.200000,5700,5900,6100,6200,6500,6800,12000,18000,23000,23000,23000,4744,73,5700,5810.104904201433,4.470239393413067,23176.62980221212,115.70193929173693
1791604892,0,,Aggregated,39.800000,0.200000,5700,5900,6100,6200,6500,6800,12000,18000,23000,23000,23000,4774,73,5700,5808.101966666353,4.470239393413067,23176.62980221212,115.70381231671554
1791604893,0,,Aggregated,39.800000,0.200000,5700,5900,6100,6200,6500,6800,12000,18000,23000,23000,23000,4774,73,5700,5808.101966666353,4.470239393413067,23176.62980221212,115.70381231671554
