epoch,hora,container,cpu_pct,mem_usage,mem_pct
1791611103,00:45:03,taller5-locust,0.02%,47.54MiB / 15.33GiB,0.30%
1791611103,00:45:03,taller5-locust-locust-run-99edd87c2024,99.29%,30.91MiB / 15.33GiB,0.20%
1791611107,00:45:07,taller5-locust-locust-run-99edd87c2024,23.81%,61.35MiB / 15.33GiB,0.39%
1791611107,00:45:07,taller5-locust,0.08%,47.54MiB / 15.33GiB,0.30%
1791611111,00:45:11,taller5-locust-locust-run-99edd87c2024,35.70%,64.21MiB / 15.33GiB,0.41%
1791611111,00:45:11,taller5-locust,0.00%,47.54MiB / 15.33GiB,0.30%
1791611116,00:45:16,taller5-locust-locust-run-99edd87c2024,32.82%,64.95MiB / 15.33GiB,0.41%
1791611116,00:45:16,taller5-locust,0.00%,47.54MiB / 15.33GiB,0.30%
1791611120,00:45:20,taller5-locust-locust-run-99edd87c2024,28.53%,64.41MiB / 15.33GiB,0.41%
1791611120,00:45:20,taller5-locust,0.00%,47.54MiB / 15.33GiB,0.30%
1791611123,00:45:23,taller5-locust-locust-run-99edd87c2024,31.41%,64.44MiB / 15.33GiB,0.41%
1791611123,00:45:23,taller5-locust,0.00%,47.54MiB / 15.33GiB,0.30%
1791611127,00:45:27,taller5-locust-locust-run-99edd87c2024,30.66%,64.72MiB / 15.33GiB,0.41%
1791611127,00:45:27,taller5-locust,0.00%,47.54MiB / 15.33GiB,0.30%
1791611131,00:45:31,taller5-locust-locust-run-99edd87c2024,32.66%,65MiB / 15.33GiB,0.41%
1791611131,00:45:31,taller5-locust,0.00%,47.54MiB / 15.33GiB,0.30%
1791611135,00:45:35,taller5-locust-locust-run-99edd87c2024,27.34%,64.54MiB / 15.33GiB,0.41%
1791611135,00:45:35,taller5-locust,0.00%,47.54MiB / 15.33GiB,0.30%
1791611139,00:45:39,taller5-locust-locust-run-99edd87c2024,26.00%,64.8MiB / 15.33GiB,0.41%
1791611139,00:45:39,taller5-locust,0.00%,47.54MiB / 15.33GiB,0.30%
1791611143,00:45:43,taller5-locust-locust-run-99edd87c2024,29.29%,64.57MiB / 15.33GiB,0.41%
1791611143,00:45:43,taller5-locust,0.00%,47.54MiB / 15.33GiB,0.30%
1791611148,00:45:48,taller5-locust-locust-run-99edd87c2024,30.42%,64.8MiB / 15.33GiB,0.41%
1791611148,00:45:48,taller5-locust,0.00%,47.54MiB / 15.33GiB,0.30%
1791611152,00:45:52,taller5-locust-locust-run-99edd87c2024,36.34%,64.61MiB / 15.33GiB,0.41%
1791611152,00:45:52,taller5-locust,0.00%,47.54MiB / 15.33GiB,0.30%
1791611156,00:45:56,taller5-locust-locust-run-99edd87c2024,31.00%,64.86MiB / 15.33GiB,0.41%
1791611156,00:45:56,taller5-locust,0.00%,47.54MiB / 15.33GiB,0.30%
1791611160,00:46:00,taller5-locust-locust-run-99edd87c2024,30.65%,64.64MiB / 15.33GiB,0.41%
1791611160,00:46:00,taller5-locust,0.00%,47.54MiB / 15.33GiB,0.30%
1791611164,00:46:04,taller5-locust-locust-run-99edd87c2024,33.28%,64.64MiB / 15.33GiB,0.41%
1791611164,00:46:04,taller5-locust,0.00%,47.54MiB / 15.33GiB,0.30%
1791611168,00:46:08,taller5-locust-locust-run-99edd87c2024,37.20%,64.65MiB / 15.33GiB,0.41%
1791611168,00:46:08,taller5-locust,0.00%,47.54MiB / 15.33GiB,0.30%
1791611172,00:46:12,taller5-locust-locust-run-99edd87c2024,33.86%,64.65MiB / 15.33GiB,0.41%
1791611172,00:46:12,taller5-locust,0.02%,47.54MiB / 15.33GiB,0.30%
1791611177,00:46:17,taller5-locust-locust-run-99edd87c2024,34.28%,64.91MiB / 15.33GiB,0.41%
1791611177,00:46:17,taller5-locust,0.00%,47.54MiB / 15.33GiB,0.30%
1791611181,00:46:21,taller5-locust-locust-run-99edd87c2024,32.21%,64.92MiB / 15.33GiB,0.41%
1791611181,00:46:21,taller5-locust,0.00%,47.54MiB / 15.33GiB,0.30%
1791611185,00:46:25,taller5-locust-locust-run-99edd87c2024,27.71%,64.93MiB / 15.33GiB,0.41%
1791611185,00:46:25,taller5-locust,0.00%,47.54MiB / 15.33GiB,0.30%
1791611189,00:46:29,taller5-locust-locust-run-99edd87c2024,26.75%,64.92MiB / 15.33GiB,0.41%
1791611189,00:46:29,taller5-locust,0.00%,47.54MiB / 15.33GiB,0.30%
1791611193,00:46:33,taller5-locust-locust-run-99edd87c2024,28.92%,64.68MiB / 15.33GiB,0.41%
1791611193,00:46:33,taller5-locust,0.02%,47.54MiB / 15.33GiB,0.30%
1791611197,00:46:37,taller5-locust-locust-run-99edd87c2024,27.91%,64.68MiB / 15.33GiB,0.41%
1791611197,00:46:37,taller5-locust,0.06%,47.54MiB / 15.33GiB,0.30%
1791611201,00:46:41,taller5-locust-locust-run-99edd87c2024,30.07%,65.17MiB / 15.33GiB,0.42%
1791611201,00:46:41,taller5-locust,0.00%,47.54MiB / 15.33GiB,0.30%
1791611205,00:46:45,taller5-locust-locust-run-99edd87c2024,29.70%,64.69MiB / 15.33GiB,0.41%
1791611205,00:46:45,taller5-locust,0.00%,47.54MiB / 15.33GiB,0.30%
1791611210,00:46:50,taller5-locust-locust-run-99edd87c2024,30.44%,64.69MiB / 15.33GiB,0.41%
1791611210,00:46:50,taller5-locust,0.00%,47.54MiB / 15.33GiB,0.30%
1791611214,00:46:54,taller5-locust-locust-run-99edd87c2024,25.94%,64.69MiB / 15.33GiB,0.41%
1791611214,00:46:54,taller5-locust,0.00%,47.54MiB / 15.33GiB,0.30%
1791611218,00:46:58,taller5-locust-locust-run-99edd87c2024,30.98%,64.69MiB / 15.33GiB,0.41%
1791611218,00:46:58,taller5-locust,0.08%,47.54MiB / 15.33GiB,0.30%
1791611222,00:47:02,taller5-locust-locust-run-99edd87c2024,34.25%,64.94MiB / 15.33GiB,0.41%
1791611222,00:47:02,taller5-locust,0.00%,47.54MiB / 15.33GiB,0.30%
1791611225,00:47:05,taller5-locust-locust-run-99edd87c2024,29.32%,64.93MiB / 15.33GiB,0.41%
1791611225,00:47:05,taller5-locust,0.00%,47.54MiB / 15.33GiB,0.30%
1791611229,00:47:09,taller5-locust-locust-run-99edd87c2024,31.65%,64.69MiB / 15.33GiB,0.41%
1791611229,00:47:09,taller5-locust,0.00%,47.54MiB / 15.33GiB,0.30%
