replicas,usuarios,contenedor,muestras,cpu_prom_pct,cpu_max_pct,mem_prom_mib,mem_max_mib
1,10,taller5-api-1,30,11.0,27.0,301,304
1,10,taller5-mlflow,30,3.4,15.5,2324,2324
1,10,taller5-postgres-mlflow,30,1.1,8.3,39,39
1,10,taller5-nginx,30,0.2,0.3,2,3
1,10,taller5-minio,30,1.1,8.2,106,114
1,30,taller5-api-1,29,33.0,48.7,303,312
1,30,taller5-mlflow,29,3.0,14.0,2325,2329
1,30,taller5-postgres-mlflow,29,0.6,8.5,39,39
1,30,taller5-nginx,29,0.7,0.9,2,3
1,30,taller5-minio,29,0.6,7.6,106,106
1,60,taller5-api-1,30,71.7,100.3,303,304
1,60,taller5-mlflow,30,3.5,15.6,2324,2324
1,60,taller5-postgres-mlflow,30,1.2,9.2,39,40
1,60,taller5-nginx,30,1.3,1.8,3,3
1,60,taller5-minio,30,0.9,7.2,106,110
1,100,taller5-api-1,29,96.2,102.3,306,316
1,100,taller5-mlflow,29,2.3,8.4,2325,2330
1,100,taller5-postgres-mlflow,29,0.8,8.2,39,39
1,100,taller5-nginx,29,1.2,1.7,3,3
1,100,taller5-minio,29,1.2,7.9,106,106
1,150,taller5-api-1,30,101.4,102.1,307,316
1,150,taller5-mlflow,30,3.3,15.5,2325,2335
1,150,taller5-postgres-mlflow,30,0.7,8.0,39,41
1,150,taller5-nginx,30,1.1,1.5,4,4
1,150,taller5-minio,30,0.9,9.5,106,106
1,200,taller5-api-1,29,101.2,102.3,308,316
1,200,taller5-mlflow,29,3.0,18.3,2324,2324
1,200,taller5-postgres-mlflow,29,1.1,8.3,39,39
1,200,taller5-nginx,29,1.1,1.5,5,5
1,200,taller5-minio,29,0.1,2.7,106,106
1,300,taller5-api-1,30,101.4,104.0,308,316
1,300,taller5-mlflow,30,3.9,15.6,2324,2324
1,300,taller5-postgres-mlflow,30,1.2,8.9,39,39
1,300,taller5-nginx,30,1.5,2.1,6,7
1,300,taller5-minio,30,0.7,7.2,106,106
1,400,taller5-api-1,30,100.4,103.3,307,317
1,400,taller5-mlflow,30,3.7,16.7,2324,2324
1,400,taller5-postgres-mlflow,30,0.7,7.5,39,43
1,400,taller5-nginx,30,2.6,3.3,6,7
1,400,taller5-minio,30,0.8,8.3,106,106
